{"0": 0, "1": [38.98965555555556, -76.93655277777778], "2": [38.989802777777776, -76.93741666666666], "3": null, "4": [38.991416666666666, -76.94446666666667], "5": [38.991847222222226, -76.94702777777778], "6": [38.99357222222222, -76.94985277777778], "7": [38.98616666666667, -76.944725], "8": [38.986272222222226, -76.94532777777778], "9": [38.983336111111115, -76.94489166666666], "10": [38.98336388888889, -76.94344444444445], "11": [38.983561111111115, -76.94345], "12": [38.98353888888889, -76.94335277777778], "13": [38.98358611111111, -76.94084166666667], "14": [38.98625277777778, -76.93929166666668], "15": [38.98845277777778, -76.93972777777778], "16": [38.98857777777778, -76.93976666666667], "17": [38.98856111111111, -76.94024722222223], "18": [38.98925, -76.94010833333334], "19": [38.98952222222222, -76.94029166666667], "20": [38.98999444444445, -76.93613333333333]}